timestamp,age_months,gender,weight_kg,height_cm,muac_cm,bmi,nutrition_status
2026-05-03 12:10:26,12.0,Female,8.5,75.0,12.5,15.11,normal
2026-05-03 12:11:26,36.0,Male,14.0,95.0,15.0,15.51,normal
2026-05-03 12:12:26,8.0,Female,5.0,65.0,10.5,11.83,normal
2026-05-03 12:13:26,48.0,Male,16.5,105.0,15.5,14.97,normal
2026-05-03 12:14:26,24.0,Male,10.0,85.0,11.8,13.84,normal
2026-05-03 12:15:26,18.0,Female,7.5,78.0,10.8,12.33,normal
2026-05-03 12:16:26,60.0,Female,18.0,110.0,16.0,14.88,normal
2026-05-03 12:17:26,30.0,Female,11.5,90.0,12.0,14.2,normal
2026-05-03 12:18:26,42.0,Male,10.5,98.0,10.5,10.93,moderate
2026-05-03 12:19:26,15.0,Female,9.8,80.0,14.2,15.31,normal
2026-05-03 12:20:26,20.0,Male,8.0,82.0,11.0,11.9,normal
2026-05-03 12:22:26,54.0,Female,17.5,108.0,15.2,15.0,normal
2026-05-03 12:23:26,14.0,Male,7.8,76.0,12.2,13.5,normal
2026-05-03 12:25:26,32.0,Female,9.5,92.0,10.9,11.22,normal
2026-05-03 12:26:26,45.0,Male,15.8,102.0,14.8,15.19,normal
2026-05-03 12:27:26,10.0,Female,6.5,70.0,11.9,13.27,moderate
2026-05-03 12:29:26,28.0,Female,12.5,88.0,14.5,16.14,normal
2026-05-03 12:30:26,38.0,Female,10.2,96.0,10.2,11.07,normal
2026-05-03 12:32:26,22.0,Male,9.2,84.0,12.4,13.04,normal
2026-05-03 12:33:26,50.0,Female,16.0,106.0,13.8,14.24,normal
2026-05-03 20:50:53,23.0,Male,11.0,60.0,10.0,30.56,normal
